Marque,Modèle,Type,Date de commercialisation,Appréciation Que choisir,Indice de fiabilité
Kia,Kia Rio 1200 E,Citadine,2017 à 2023,Très bon,98.4
Suzuki,Suzuki Swift 1200 E HEV,Citadine,2017 à 2024,Très bon,98.3
BMW,BMW i3 EV,Citadine,2014 à 2023,Très bon,98.0
Kia,Kia Rio 1000 E,Citadine,2017 à 2023,Très bon,98.0
Suzuki,Suzuki Swift 1200 E,Citadine,2010 à 2017,Très bon,98.0
Suzuki,Suzuki Celerio 1000 E,Citadine,2015 à 2020,Très bon,97.9
Hyundai,Hyundai i20 1000 E,Citadine,2014 à 2020,Très bon,97.8
Peugeot,Peugeot 108 1000 E,Citadine,2014 à 2022,Très bon,97.6
Mazda,Mazda 2 1500 E,Citadine,depuis 2014,Très bon,97.5
Mitsubishi,Mitsubishi Space Star 1200 E,Citadine,depuis 2013,Très bon,97.4
Skoda,Skoda Citigo 1000 E,Citadine,2012 à 2020,Très bon,97.3
Renault,Renault Twingo 1200 E,Citadine,2007 à 2014,Très bon,97.1
Hyundai,Hyundai i10 1000 E,Citadine,depuis 2020,Très bon,96.8
Hyundai,Hyundai i20 1200 E,Citadine,depuis 2020,Très bon,96.7
Kia,Kia Picanto 1000 E,Citadine,depuis 2017,Très bon,96.7
Toyota,Toyota Aygo 1000 E,Citadine,2014 à 2022,Très bon,96.7
Fiat,Fiat 500 900 E,Citadine,depuis 2007,Très bon,96.6
Kia,Kia Picanto 1200 E,Citadine,depuis 2017,Très bon,96.6
Smart,Smart Fortwo 1000 E,Citadine,2014 à 2024,Très bon,96.6
Opel,Opel Karl 1000 E,Citadine,2015 à 2020,Très bon,96.5
Hyundai,Hyundai i20 1200 E,Citadine,2014 à 2020,Très bon,96.4
Toyota,Toyota Yaris 1500 E HEV,Citadine,2011 à 2020,Très bon,96.4
Renault,Renault Twingo 1000 E,Citadine,depuis 2014,Très bon,96.3
Honda,Honda Jazz 1500 E HEV,Citadine,depuis 2020,Très bon,96.2
Toyota,Toyota Yaris 1300 E,Citadine,2011 à 2020,Très bon,96.2
Toyota,Toyota Yaris Cross 1500 E HEV,Citadine,depuis 2021,Très bon,96.2
Fiat,Fiat Panda 1000 E HEV,Citadine,depuis 2012,Très bon,96.1
Nissan,Nissan Micra 1000 E,Citadine,2016 à 2023,Très bon,96.1
Seat,Seat Ibiza 1000 E,Citadine,depuis 2017,Très bon,95.8
Skoda,Skoda Fabia 1000 E,Citadine,depuis 2021,Très bon,95.8
Dacia,Dacia Sandero/Sandero Stepway 1200 E,Citadine,2012 à 2020,Très bon,95.7
Honda,Honda Jazz 1300 E,Citadine,2015 à 2020,Très bon,95.7
Volkswagen,Volkswagen Polo 1000 E,Citadine,depuis 2017,Très bon,95.7
Skoda,Skoda Fabia 1000 E,Citadine,2014 à 2021,Très bon,95.5
Volkswagen,Volkswagen Polo 1000 E,Citadine,2009 à 2017,Très bon,95.5
Citroën,Citroën C1 1000 E,Citadine,2014 à 2022,Très bon,95.4
Hyundai,Hyundai i20 1000 E,Citadine,depuis 2020,Très bon,95.4
Toyota,Toyota Yaris 1500 E HEV,Citadine,depuis 2020,Très bon,95.3
Dacia,Dacia Sandero/Sandero Stepway 1000 E,Citadine,2012 à 2020,Très bon,95.2
Smart,Smart Fortwo 900 E,Citadine,2014 à 2024,Très bon,95.2
Dacia,Dacia Sandero/Sandero Stepway 1000 E,Citadine,depuis 2021,Très bon,95.1
Ford,Ford Fiesta 1000 E,Citadine,2017 à 2023,Très bon,95.1
Audi,Audi A1 1000 E,Citadine,depuis 2018,Très bon,95.0
Renault,Renault Twingo 900 E,Citadine,depuis 2014,Bon,95.0
Dacia,Dacia Sandero/Sandero Stepway 900 E,Citadine,2012 à 2020,Bon,94.9
Volkswagen,Volkswagen Up! EV,Citadine,2011 à 2023,Bon,94.9
Opel,Opel Corsa EV,Citadine,depuis 2019,Bon,94.8
Dacia,Dacia Sandero/Sandero Stepway 1500 D,Citadine,2012 à 2020,Bon,94.7
Fiat,Fiat 500 1000 E HEV,Citadine,depuis 2007,Bon,94.7
Ford,Ford Fiesta 1000 E HEV,Citadine,2017 à 2023,Bon,94.7
Toyota,Toyota Yaris 1000 E,Citadine,2011 à 2020,Bon,94.7
Smart,Smart Fortwo EV,Citadine,2014 à 2024,Bon,94.5
Fiat,Fiat Panda 1200 E/GPL,Citadine,depuis 2012,Bon,94.4
Peugeot,Peugeot 108 1200 E,Citadine,2014 à 2022,Bon,94.4
Fiat,Fiat Panda 900 E,Citadine,depuis 2012,Bon,94.3
Ford,Ford Fiesta 1100 E,Citadine,2017 à 2023,Bon,94.3
Kia,Kia Picanto 1000 E,Citadine,2011 à 2017,Bon,94.3
Kia,Kia Picanto 1000 E/GPL,Citadine,depuis 2017,Bon,94.3
Dacia,Dacia Sandero/Sandero Stepway 1000 E/GPL,Citadine,depuis 2021,Bon,94.2
Dacia,Dacia Sandero/Sandero Stepway 1200 E/GPL,Citadine,2012 à 2020,Bon,94.2
Renault,Renault Clio 900 E,Citadine,2012 à 2018,Bon,94.2
Peugeot,Peugeot 208 1200 E,Citadine,depuis 2019,Bon,94.1
Peugeot,Peugeot 208 EV,Citadine,depuis 2019,Bon,94.1
Mini,Mini Mini 1500 E,Citadine,2014 à 2024,Bon,94.0
Opel,Opel Corsa 1000 E,Citadine,2014 à 2019,Bon,94.0
Lancia,Lancia Ypsilon 1000 E HEV,Citadine,2011 à 2024,Bon,93.9
Nissan,Nissan Micra 1200 E,Citadine,2010 à 2016,Bon,93.9
Renault,Renault Zoe EV,Citadine,2012 à 2023,Bon,93.9
Citroën,Citroën C3 1200 E,Citadine,depuis 2024,Bon,93.8
Renault,Renault Clio 1000 E,Citadine,depuis 2019,Bon,93.8
Renault,Renault Clio 1200 E,Citadine,2012 à 2018,Bon,93.8
Fiat,Fiat Panda 1200 E,Citadine,depuis 2012,Bon,93.7
Volkswagen,Volkswagen Up! 1000 E,Citadine,2011 à 2023,Bon,93.7
Toyota,Toyota Yaris 1000 E,Citadine,depuis 2020,Bon,93.6
Fiat,Fiat Panda 1000 E,Citadine,depuis 2012,Bon,93.5
Volkswagen,Volkswagen Up! 1000 E/GNV,Citadine,2011 à 2023,Bon,93.5
Skoda,Skoda Fabia 1200 E,Citadine,2014 à 2021,Bon,93.4
Opel,Opel Corsa 1400 E,Citadine,2014 à 2019,Bon,93.3
Hyundai,Hyundai i10 1100 E,Citadine,2013 à 2019,Bon,93.1
Renault,Renault Twingo EV,Citadine,depuis 2014,Bon,93.0
Suzuki,Suzuki Swift 1200 E,Citadine,2017 à 2024,Bon,93.0
Ford,Ford Fiesta 1000 E,Citadine,2008 à 2017,Bon,92.9
Seat,Seat Ibiza 1200 E,Citadine,2008 à 2017,Bon,92.7
Volkswagen,Volkswagen Polo 1200 E,Citadine,2009 à 2017,Bon,92.7
Citroën,Citroën C3 1200 E,Citadine,2016 à 2024,Bon,92.6
Lancia,Lancia Ypsilon 1200 E,Citadine,2011 à 2024,Bon,92.6
Fiat,Fiat 500e EV,Citadine,depuis 2020,Bon,92.4
Fiat,Fiat Panda 900 E/GNV,Citadine,depuis 2012,Bon,92.4
Renault,Renault Clio 1500 D,Citadine,2012 à 2018,Bon,92.1
Ford,Ford Fiesta 1200 E,Citadine,2008 à 2017,Bon,92.0
Renault,Renault Clio 1600 E HEV,Citadine,depuis 2019,Bon,92.0
Volkswagen,Volkswagen Polo 1600 D,Citadine,depuis 2017,Bon,92.0
Fiat,Fiat 500 1200 E,Citadine,depuis 2007,Bon,91.9
Opel,Opel Corsa 1200 E,Citadine,2014 à 2019,Bon,91.9
Opel,Opel Corsa 1400 E/GPL,Citadine,2014 à 2019,Bon,91.9
Kia,Kia Rio 1200 E,Citadine,2011 à 2016,Bon,91.8
Lancia,Lancia Ypsilon 900 E,Citadine,2011 à 2024,Bon,91.7
Opel,Opel Corsa 1200 E,Citadine,depuis 2019,Bon,91.7
Peugeot,Peugeot 208 1200 E,Citadine,2012 à 2018,Bon,91.7
Citroën,Citroën C3 1500 D,Citadine,2016 à 2024,Bon,91.3
Lancia,Lancia Ypsilon 1200 E/GPL,Citadine,2011 à 2024,Bon,91.3
Fiat,Fiat Panda 1300 D,Citadine,depuis 2012,Bon,91.2
Renault,Renault Clio 1000 E/GPL,Citadine,depuis 2019,Bon,91.2
Suzuki,Suzuki Swift 1000 E HEV,Citadine,2017 à 2024,Bon,91.1
Toyota,Toyota Yaris 1400 D,Citadine,2011 à 2020,Bon,91.1
Ford,Ford Ka+ 1200 E,Citadine,2010 à 2019,Bon,90.8
Skoda,Skoda Fabia 1400 D,Citadine,2014 à 2021,Bon,90.5
Renault,Renault Clio 1500 D,Citadine,depuis 2019,Bon,90.4
Peugeot,Peugeot 208 1000 E,Citadine,2012 à 2018,Bon,90.3
Citroën,Citroën C3 1600 D,Citadine,2016 à 2024,Bon,90.0
Fiat,Fiat Punto 1200 E,Citadine,2012 à 2018,Moyen,89.9
Volkswagen,Volkswagen Polo 1400 D,Citadine,2009 à 2017,Moyen,89.8
Ford,Ford Fiesta 1400 E/GPL,Citadine,2008 à 2017,Moyen,89.6
Citroën,Citroën C3 1400 D,Citadine,2009 à 2016,Moyen,89.4
Citroën,Citroën C3 1100 E,Citadine,2009 à 2016,Moyen,89.1
Peugeot,Peugeot 208 1600 D,Citadine,2012 à 2018,Moyen,89.0
Opel,Opel Corsa 1300 D,Citadine,2014 à 2019,Moyen,88.0
Peugeot,Peugeot 208 1400 D,Citadine,2012 à 2018,Moyen,87.3
Fiat,Fiat Punto 1400 E/GNV,Citadine,2012 à 2018,Médiocre,84.9
Fiat,Fiat Punto 1300 D,Citadine,2012 à 2018,Médiocre,82.0
Peugeot,Peugeot 208 1500 D,Citadine,depuis 2019,Médiocre,80.2
Toyota,Prius 1800 E HEV,Compacte,2016 à 2023,Très bon,98.4
BMW,Série 1 1500 E,Compacte,2019 à 2024,Très bon,98.1
Hyundai,i30 1000 E,Compacte,depuis 2017,Très bon,97.9
Kia,Ceed/Pro Ceed/Ceed SW 1000 E,Compacte,depuis 2018,Très bon,97.4
Seat,Leon 1500 E/CNG,Compacte,2012 à 2020,Très bon,97.4
Toyota,Auris 1600 E,Compacte,2012 à 2018,Très bon,97.3
Toyota,Corolla 1800 E HEV,Compacte,depuis 2018,Très bon,97.3
Volkswagen,Golf EV,Compacte,2012 à 2019,Très bon,97.3
Honda,Civic 1500 E,Compacte,2015 à 2022,Très bon,97.2
Mazda,3 2000 E HEV,Compacte,depuis 2018,Très bon,97.2
Lexus,CT200H 1800 E HEV,Compacte,2010 à 2020,Très bon,97.0
Toyota,Auris 1800 E HEV,Compacte,2012 à 2018,Très bon,97.0
Toyota,Corolla 2000 E HEV,Compacte,depuis 2018,Très bon,97.0
Kia,Ceed/Pro Ceed/Ceed SW 1600 E,Compacte,depuis 2018,Très bon,96.9
Skoda,Octavia 1000 E,Compacte,depuis 2020,Très bon,96.9
Volvo,V40 1600 E,Compacte,2012 à 2019,Très bon,96.9
Honda,Civic 1600 D,Compacte,depuis 2015,Très bon,96.8
Volvo,V40 1500 E,Compacte,2012 à 2019,Très bon,96.5
Hyundai,Ioniq 1600 E HEV,Compacte,2016 à 2022,Très bon,96.3
Volkswagen,Golf 1500 E,Compacte,depuis 2020,Très bon,96.2
Nissan,Leaf EV,Compacte,2011 à 2017,Très bon,96.1
Mercedes-Benz,Classe A 1500 D,Compacte,depuis 2018,Très bon,96.0
Toyota,Auris 1200 E,Compacte,2012 à 2018,Très bon,95.9
Kia,Ceed/Pro Ceed/Ceed SW 1400 E,Compacte,2012 à 2018,Très bon,95.8
Volvo,XC 40 1500 E,SUV,depuis 2017,Très bon,96.0
Hyundai,i30 1400 E,Compacte,depuis 2017,Très bon,95.6
Mazda,3 2000 E,Compacte,2013 à 2018,Très bon,95.5
Kia,Ceed/Pro Ceed/Ceed SW 1400 E,Compacte,depuis 2018,Très bon,95.4
Skoda,Octavia 1200 E,Compacte,2013 à 2020,Très bon,95.4
Skoda,Scala 1500 E,Compacte,depuis 2019,Très bon,95.3
Audi,A3 2000 D,Compacte,depuis 2020,Très bon,95.2
Honda,Civic 1000 E,Compacte,depuis 2015,Très bon,95.2
Seat,Leon 1200 E,Compacte,2012 à 2020,Bon,94.9
Volkswagen,Golf 1200 E,Compacte,2012 à 2019,Bon,94.9
Honda,Civic 1600 D,Compacte,2011 à 2015,Bon,94.8
Volkswagen,Golf 1000 E,Compacte,depuis 2020,Bon,94.8
Kia,Ceed/Pro Ceed/Ceed SW 1600 E/GPL,Compacte,2012 à 2018,Bon,94.7
Skoda,Octavia 1400 E,Compacte,2013 à 2020,Bon,94.7
Hyundai,Ioniq 1600 E PHEV,Compacte,2016 à 2022,Bon,94.6
MG,4 EV,Compacte,depuis 2022,Bon,94.6
Ford,Focus 1000 E,Compacte,depuis 2018,Bon,94.5
Hyundai,i30 1600 E,Compacte,2012 à 2017,Bon,94.5
Volkswagen,Golf 1000 E,Compacte,2012 à 2019,Bon,94.5
Dacia,Logan/Logan MCV 1000 E/GPL,Compacte,2012 à 2020,Bon,94.4
Mercedes-Benz,Classe A 1300 E,Compacte,depuis 2018,Bon,94.3
Nissan,Leaf EV,Compacte,depuis 2017,Bon,94.3
Citroën,C4 1200 E,Compacte,depuis 2020,Bon,94.0
Kia,Ceed/Pro Ceed/Ceed SW 1600 D,Compacte,2012 à 2018,Bon,94.0
Renault,Mégane 1300 E,Compacte,2015 à 2025,Bon,94.0
Volkswagen,Golf Plus 1400 E,Compacte,2009 à 2015,Bon,93.9
Skoda,Rapid 1200 E,Compacte,2012 à 2019,Bon,93.8
Fiat,Tipo 1300 D,Compacte,depuis 2016,Bon,93.7
Audi,A3 1400 E,Compacte,2012 à 2020,Bon,93.6
Opel,Astra 1400 E,Compacte,2015 à 2021,Bon,93.6
Opel,Astra 1000 E,Compacte,2015 à 2021,Bon,93.5
Skoda,Octavia 1500 E/CNG,Compacte,2013 à 2020,Bon,93.5
Alfa Romeo,Giulietta 1400 E,Compacte,depuis 2018,Bon,93.4
BMW,Série 1 1600 D,Compacte,2011 à 2019,Bon,93.4
Citroën,C4 EV,Compacte,depuis 2020,Bon,93.4
Ford,Focus 1500 E,Compacte,depuis 2018,Bon,93.4
Seat,Leon 1600 D,Compacte,2012 à 2020,Bon,93.4
Skoda,Scala 1000 E,Compacte,depuis 2019,Bon,93.4
Volvo,XC 60 2000 E,SUV,depuis 2017,Très bon,95.9
Ford,Focus 1600 E,Compacte,2011 à 2018,Bon,93.2
Toyota,Auris 1400 D,Compacte,2012 à 2018,Bon,93.2
Fiat,Tipo 1600 D,Compacte,depuis 2016,Bon,93.0
Volkswagen,Golf 1400 E,Compacte,2012 à 2019,Bon,92.9
Audi,A3 2000 D,Compacte,2012 à 2020,Bon,92.8
Hyundai,i30 1600 D,Compacte,2012 à 2017,Bon,92.8
Ford,Focus 1000 E HEV,Compacte,depuis 2018,Bon,92.7
Hyundai,Ioniq EV,Compacte,2016 à 2022,Bon,92.7
Peugeot,308 1200 E,Compacte,depuis 2022,Bon,92.6
Dacia,Logan/Logan MCV 1500 D,Compacte,2012 à 2020,Bon,92.5
BMW,Série 1 1500 D,Compacte,2019 à 2024,Bon,92.4
Renault,Mégane 1600 D,Compacte,2015 à 2025,Bon,92.2
Ford,Focus 1000 E,Compacte,2011 à 2018,Bon,92.1
Seat,Leon 1400 E,Compacte,2012 à 2020,Bon,91.9
Ford,Focus 1600 D,Compacte,2011 à 2018,Bon,91.7
Volvo,V40 2000 E,Compacte,2012 à 2019,Très bon,95.7
BMW,Série 1 1500 D,Compacte,2011 à 2019,Bon,91.5
Volkswagen,Golf 1400 E/CNG,Compacte,2012 à 2019,Bon,91.5
BMW,Série 1 1500 E,Compacte,2011 à 2019,Bon,91.4
Cupra,Born EV,Compacte,depuis 2021,Bon,91.3
Fiat,Tipo 1400 E,Compacte,depuis 2016,Bon,91.1
Ford,Focus 1500 D,Compacte,depuis 2018,Bon,91.1
Renault,Mégane 1200 E,Compacte,2015 à 2025,Bon,91.1
Skoda,Octavia 1600 D,Compacte,2013 à 2020,Bon,90.7
Volkswagen,Golf 2000 D,Compacte,2012 à 2019,Bon,90.6
Renault,Mégane 1500 D,Compacte,2008 à 2015,Bon,90.5
Opel,Astra 1200 E,Compacte,2015 à 2021,Bon,90.4
Dacia,Logan/Logan MCV 1200 E,Compacte,2012 à 2020,Bon,90.3
Seat,Leon 2000 D,Compacte,2012 à 2020,Bon,90.0
Mercedes-Benz,Classe A 1500 D,Compacte,2012 à 2018,Moyen,89.9
BMW,Série 1 2000 D,Compacte,2011 à 2019,Moyen,89.8
Hyundai,i30 1600 D,Compacte,depuis 2017,Moyen,89.8
Peugeot,308 1500 D,Compacte,2013 à 2022,Moyen,89.7
Skoda,Octavia 2000 D,Compacte,2013 à 2020,Moyen,89.5
Mazda,3 2000 E,Compacte,depuis 2018,Moyen,89.3
Citroën,C4 1200 E,Compacte,2011 à 2018,Moyen,89.1
Renault,Mégane 1500 D,Compacte,2015 à 2025,Moyen,89.1
Volkswagen,Golf 1600 D,Compacte,2012 à 2019,Moyen,89.1
Nissan,Pulsar 1200 E,Compacte,2014 à 2018,Moyen,89.0
Skoda,Octavia 1500 E,Compacte,depuis 2020,Moyen,89.0
Alfa Romeo,Giulietta 2000 D,Compacte,2010 à 2020,Moyen,88.8
Peugeot,308 1600 D,Compacte,2013 à 2022,Moyen,88.6
Fiat,Tipo 1400 E/GPL,Compacte,depuis 2016,Moyen,88.5
Peugeot,308 1600 E,Compacte,2013 à 2022,Moyen,88.4
Peugeot,308 2000 D,Compacte,2013 à 2022,Moyen,88.0
Volkswagen,ID.3 EV,Compacte,depuis 2019,Moyen,87.8
Peugeot,308 1200 E,Compacte,2013 à 2022,Moyen,87.6
Citroën,C4 1600 D,Compacte,2011 à 2018,Moyen,87.5
Renault,Mégane 1200 E,Compacte,2008 à 2015,Moyen,87.2
Skoda,Octavia 2000 D,Compacte,depuis 2020,Moyen,87.2
Opel,Astra 1600 D,Compacte,2015 à 2021,Moyen,86.5
Peugeot,308 1500 D,Compacte,depuis 2022,Moyen,85.8
Alfa Romeo,Giulietta 1600 D,Compacte,2010 à 2020,Médiocre,83.0
Mercedes-Benz,Classe B 2000 D,Monospace,depuis 2019,Très bon,96.7
Dacia,Jogger 1000 E/GPL,Monospace,depuis 2022,Très bon,96.6
Volkswagen,Golf Sportsvan 1200 E,Monospace,2016 à 2021,Très bon,96.4
Toyota,Verso 1800 E,Monospace,2009 à 2018,Très bon,96.0
Nissan,Note 1200 E,Monospace,2013 à 2018,Très bon,95.7
Toyota,Verso-S 1300 E,Monospace,2011 à 2016,Très bon,95.6
Mercedes-Benz,Classe B 1300 E,Monospace,depuis 2019,Très bon,95.5
Mercedes-Benz,Classe B 1600 E,Monospace,2011 à 2019,Très bon,95.5
Renault,Grand Scenic 1300 E,Monospace,2016 à 2022,Très bon,95.4
Toyota,Prius + 1800 E HEV,Monospace,2012 à 2022,Très bon,95.4
Kia,Venga 1400 E,Monospace,2009 à 2018,Très bon,95.1
Fiat,500L 1400 E/GPL,Monospace,2012 à 2022,Bon,94.9
Hyundai,ix20 1400 E,Monospace,2010 à 2019,Bon,94.8
Hyundai,ix20 1600 E,Monospace,2010 à 2019,Bon,94.7
BMW,Série 2 Active Tourer 1500 E,Monospace,depuis 2018,Bon,94.4
BMW,Série 2 Active Tourer 1600 D,Monospace,2013 à 2021,Bon,94.4
Volkswagen,Touran 2000 D,Monospace,depuis 2015,Bon,94.4
Renault,Scénic 1300 E,Monospace,2016 à 2023,Bon,94.3
Citroën,C4 Spacetourer 1200 E,Monospace,2018 à 2022,Bon,94.2
Dacia,Jogger 1600 E HEV,Monospace,depuis 2022,Bon,93.9
BMW,Série 2 Active Tourer 2000 D,Monospace,2013 à 2021,Bon,93.8
Volkswagen,Touran 1500 E,Monospace,depuis 2015,Bon,93.8
Dacia,Dokker 1500 D,Monospace,2012 à 2020,Bon,93.7
BMW,Série 2 Active Tourer 1500 E PHEV,Monospace,2013 à 2021,Bon,93.5
Toyota,Verso 1600 E,Monospace,2009 à 2018,Bon,93.5
Renault,Scénic 1200 E,Monospace,2016 à 2023,Bon,93.4
Volkswagen,Golf Sportsvan 1400 E,Monospace,2016 à 2021,Bon,93.0
Volkswagen,Touran 1600 D,Monospace,depuis 2015,Bon,93.0
BMW,Série 2 Active Tourer 1500 D,Monospace,2013 à 2021,Bon,92.9
Mercedes-Benz,Classe B 1800 D,Monospace,2011 à 2019,Bon,92.9
Dacia,Jogger 1000 E,Monospace,depuis 2022,Bon,92.8
Fiat,500L 1400 E,Monospace,2012 à 2022,Bon,92.8
Renault,Scénic 1600 D,Monospace,2016 à 2023,Bon,92.6
Opel,Zafira Tourer 1400 E,Monospace,2011 à 2018,Bon,92.5
BMW,Série 2 Active Tourer 2000 E,Monospace,2013 à 2021,Bon,92.3
Citroën,Berlingo 1200 E,Monospace,2018 à 2022,Bon,92.2
Dacia,Dokker 1200 E,Monospace,2012 à 2020,Bon,91.3
Mercedes-Benz,Classe B 1500 D,Monospace,2011 à 2019,Bon,91.3
Toyota,Verso 2000 D,Monospace,2009 à 2018,Bon,91.3
Peugeot,Partner 1200 E,Monospace,depuis 2018,Bon,91.2
Fiat,500L 1300 D,Monospace,2012 à 2022,Bon,91.1
Dacia,Lodgy 1200 E,Monospace,2012 à 2022,Bon,91.0
Renault,Kangoo 1500 D,Monospace,2007 à 2021,Bon,90.8
Ford,B-Max 1000 E,Monospace,2012 à 2018,Bon,90.7
Ford,S-Max 2000 D,Monospace,2015 à 2023,Bon,90.4
Citroën,C4 Spacetourer 1500 D,Monospace,2018 à 2022,Bon,90.3
Peugeot,Partner 1600 D,Monospace,2008 à 2018,Bon,90.3
Fiat,500L 1600 D,Monospace,2012 à 2022,Bon,90.2
Fiat,500L 900 E,Monospace,2012 à 2022,Bon,90.2
Kia,Carens 1700 D,Monospace,2013 à 2019,Bon,90.2
Renault,Scénic 1500 D,Monospace,2016 à 2023,Moyen,89.9
Dacia,Lodgy 1500 D,Monospace,2012 à 2022,Moyen,89.8
Ford,C-Max 1600 E,Monospace,2012 à 2018,Moyen,89.8
Citroën,C4 Picasso 1600 E,Monospace,2013 à 2018,Moyen,89.3
Citroën,Berlingo 1600 D,Monospace,2012 à 2018,Moyen,89.2
Citroën,Berlingo 1500 D,Monospace,2018 à 2022,Moyen,88.9
Opel,Zafira Tourer 1600 D,Monospace,2011 à 2018,Moyen,88.9
Renault,Scénic 1500 D,Monospace,2009 à 2016,Moyen,88.8
Ford,C-Max 1000 E,Monospace,2012 à 2018,Moyen,88.5
Opel,Zafira Tourer 2000 D,Monospace,2011 à 2018,Moyen,88.5
Citroën,C4 Grand Picasso 1600 D,Monospace,2013 à 2018,Moyen,88.1
Citroën,C4 Picasso 1200 E,Monospace,2013 à 2018,Moyen,88.1
Peugeot,Partner 1500 D,Monospace,depuis 2018,Moyen,88.1
Opel,Meriva 1400 E,Monospace,2010 à 2018,Moyen,87.9
Renault,Kangoo 1500 D,Monospace,depuis 2021,Moyen,87.7
Citroën,C4 Picasso 1600 D,Monospace,2013 à 2018,Moyen,86.4
Renault,Scénic 1200 E,Monospace,2009 à 2016,Moyen,86.4
Seat,Alhambra 2000 D,Monospace,2010 à 2017,Moyen,86.1
Ford,C-Max 1600 D,Monospace,2012 à 2018,Moyen,85.4
Volkswagen,Caddy 1500 E,Monospace,depuis 2021,Moyen,85.3
Volkswagen,Sharan 2000 D,Monospace,2010 à 2020,Moyen,85.3
Opel,Meriva 1400 E/GPL,Monospace,2010 à 2018,Médiocre,83.1
Renault,Espace 1600 D,Monospace,2015 à 2022,Médiocre,83.1
Citroën,C4 Grand Picasso 2000 D,Monospace,2013 à 2018,Médiocre,82.0
Citroën,C4 Grand Picasso 1200 E,Monospace,2013 à 2018,Mauvais,79.5
Lexus,IS 2500 E HEV,Routière,2013 à 2020,Très bon,98.1
BMW,Série 3 2000 E,Routière,depuis 2019,Très bon,97.4
Mercedes-Benz,Classe C 1600 E,Routière,2013 à 2021,Très bon,97.3
Toyota,Avensis 2000 D,Routière,2010 à 2018,Très bon,96.8
BMW,Série 4 2000 E,Routière,2013 à 2020,Très bon,96.2
Mazda,6 2000 E,Routière,2012 à 2023,Très bon,96.2
Toyota,Avensis 1800 E,Routière,2010 à 2018,Très bon,96.2
Tesla,Model 3 EV,Routière,depuis 2018,Très bon,95.8
Alfa Romeo,Giulia 2000 E,Routière,depuis 2018,Très bon,95.7
Mercedes-Benz,Classe C 2200 D,Routière,2013 à 2021,Très bon,95.1
BMW,Série 4 2000 D,Routière,2013 à 2020,Bon,94.8
Audi,A4 2000 E,Routière,2015 à 2024,Bon,94.7
Volkswagen,Passat 1500 E,Routière,2014 à 2024,Bon,94.4
Audi,A6 2000 D,Routière,2011 à 2018,Bon,94.3
BMW,i4 EV,Routière,depuis 2021,Bon,94.0
BMW,Série 3 2000 D,Routière,2011 à 2019,Bon,93.7
BMW,Série 3 2000 D,Routière,depuis 2019,Bon,93.7
Volvo,XC 40 2000 E HEV,SUV,depuis 2017,Très bon,95.6
Mercedes-Benz,Classe C 2000 D,Routière,2013 à 2021,Bon,93.4
Alfa Romeo,Giulia 2100 D,Routière,depuis 2016,Bon,93.3
Audi,A4 2000 D,Routière,2015 à 2024,Bon,93.2
Mercedes-Benz,Classe E 2000 D,Routière,2016 à 2023,Bon,93.0
Volvo,XC 60 2000 D HEV,SUV,depuis 2017,Très bon,95.3
Audi,A4 2000 D,Routière,2008 à 2015,Bon,92.7
BMW,Série 5 2000 D,Routière,2010 à 2016,Bon,92.7
Ford,Mondeo 2000 D,Routière,2014 à 2022,Bon,92.2
BMW,Série 5 2000 D,Routière,2016 à 2024,Bon,91.9
Volkswagen,Passat 1600 D,Routière,2014 à 2024,Bon,91.9
Volvo,XC 40 1500 E PHEV,SUV,depuis 2017,Bon,94.3
Mercedes-Benz,Classe C 1600 D,Routière,2013 à 2021,Bon,91.2
Skoda,Superb 1400 E PHEV,Routière,2015 à 2024,Bon,91.0
Skoda,Superb 2000 D,Routière,2015 à 2024,Bon,91.0
Volkswagen,Passat 2000 D,Routière,2014 à 2024,Bon,90.6
Volkswagen,Passat 1500 E PHEV,Routière,2014 à 2024,Bon,90.5
Polestar,2 EV,Routière,depuis 2025,Bon,90.2
Citroën,C5 2000 D,Routière,2010 à 2017,Bon,90.1
Mazda,6 2200 D,Routière,2012 à 2023,Bon,90.0
Audi,A6 3000 D,Routière,2011 à 2018,Moyen,89.7
Volvo,XC 40 2000 D,SUV,depuis 2017,Bon,94.2
Volvo,V90/V90 Cross Country 2000 D,Routière,depuis 2016,Bon,93.7
Tesla,Model S EV,Routière,depuis 2012,Moyen,88.7
Renault,Talisman 1600 D,Routière,2015 à 2022,Moyen,86.9
Peugeot,508 2000 D,Routière,2011 à 2018,Moyen,85.6
Opel,Insignia/Insignia Grand Sport 2000 D,Routière,2008 à 2017,Médiocre,84.7
Opel,Insignia/Insignia Grand Sport 2000 D,Routière,2017 à 2023,Médiocre,84.5
Volkswagen,Passat 2000 D,Routière,2010 à 2014,Médiocre,84.3
Audi,Q2 1500 E,SUV,depuis 2016,Très bon,99.3
BMW,X3 2000 E PHEV,SUV,depuis 2017,Très bon,99.1
Lexus,NX 2500 E HEV,SUV,depuis 2022,Très bon,99.1
Subaru,XV 1600 E,SUV,2018 à 2023,Très bon,99.1
Toyota,Aygo Cross 1000 E,SUV,depuis 2022,Très bon,99.0
Toyota,C-HR 2000 E PHEV,SUV,depuis 2024,Très bon,98.7
Mitsubishi,Eclipse Cross 2400 E PHEV,SUV,depuis 2017,Très bon,98.6
Suzuki,S-Cross 1500 E HEV,SUV,depuis 2022,Très bon,98.5
Audi,Q2 1000 E,SUV,depuis 2016,Très bon,98.3
Kia,Stonic 1000 E HEV,SUV,depuis 2017,Très bon,98.3
Suzuki,Ignis 1200 E HEV,SUV,depuis 2017,Très bon,98.3
Suzuki,S-Cross/SX4 S-Cross 1400 E,SUV,2013 à 2021,Très bon,98.3
Kia,Niro EV,SUV,depuis 2022,Très bon,98.2
Mercedes-Benz,GLA 1600 E,SUV,2013 à 2020,Très bon,98.2
Toyota,C-HR 2000 E HEV,SUV,2016 à 2023,Très bon,98.2
BMW,X1 1500 E,SUV,depuis 2022,Très bon,97.9
Tesla,Model Y EV,SUV,depuis 2021,Très bon,97.9
BMW,iX3 EV,SUV,depuis 2020,Très bon,97.8
Dacia,Duster 1000 E,SUV,2017 à 2024,Très bon,97.8
Mini,Countryman 1500 E PHEV,SUV,2017 à 2024,Très bon,97.8
Suzuki,S-Cross/SX4 S-Cross 1000 E,SUV,2013 à 2021,Très bon,97.8
Toyota,RAV4 2500 E PHEV,SUV,depuis 2018,Très bon,97.8
Kia,Niro 1600 E PHEV,SUV,depuis 2022,Très bon,97.7
Seat,Ateca 1000 E,SUV,depuis 2016,Très bon,97.7
Toyota,RAV4 2500 E HEV,SUV,depuis 2018,Très bon,97.7
Lexus,NX 2500 E HEV,SUV,2014 à 2021,Très bon,97.6
Mini,Countryman 1500 E,SUV,2017 à 2024,Très bon,97.6
Suzuki,Vitara 1500 E HEV,SUV,depuis 2015,Très bon,97.6
Hyundai,Kona 1600 E HEV,SUV,2017 à 2023,Très bon,97.5
Toyota,C-HR 1800 E HEV,SUV,depuis 2024,Très bon,97.5
Honda,HR-V 1500 E,SUV,depuis 2015,Très bon,97.4
Honda,HR-V 1500 E HEV,SUV,depuis 2022,Très bon,97.4
Suzuki,Vitara 1000 E,SUV,depuis 2015,Très bon,97.4
BMW,X1 1500 E PHEV,SUV,2015 à 2022,Très bon,97.3
BYD,Atto 3 EV,SUV,depuis 2023,Très bon,97.3
Honda,CR-V 2000 E,SUV,2012 à 2018,Très bon,97.3
Alfa Romeo,Stelvio 2000 E,SUV,depuis 2018,Très bon,97.1
Fiat,500X 1400 E,SUV,depuis 2014,Très bon,97.0
Mazda,CX-5 2000 E,SUV,depuis 2017,Très bon,97.0
Suzuki,Vitara 1400 E HEV,SUV,depuis 2015,Très bon,97.0
Volkswagen,T-Roc 1000 E,SUV,depuis 2017,Très bon,97.0
Kia,Niro 1600 E HEV,SUV,2016 à 2021,Très bon,96.9
Mitsubishi,ASX 1600 E,SUV,2010 à 2024,Très bon,96.9
Opel,Mokka 1200 E,SUV,depuis 2020,Très bon,96.9
Suzuki,Vitara 1600 E,SUV,depuis 2015,Très bon,96.9
Toyota,C-HR 1800 E HEV,SUV,2016 à 2023,Très bon,96.8
Dacia,Duster 1200 E,SUV,2017 à 2024,Très bon,96.7
Lexus,UX 2000 E HEV,SUV,depuis 2019,Très bon,96.7
Cupra,Formentor 1500 E,SUV,depuis 2020,Très bon,96.6
Dacia,Duster 1600 E,SUV,2017 à 2024,Très bon,96.6
Renault,Captur 900 E,SUV,2013 à 2019,Très bon,96.6
Toyota,RAV4 2500 E HEV,SUV,2013 à 2018,Très bon,96.6
Honda,CR-V 2000 E HEV,SUV,2018 à 2024,Très bon,96.5
Nissan,Qashqai 1300 E,SUV,depuis 2021,Très bon,96.5
Subaru,Forester 2000 E,SUV,2013 à 2018,Très bon,96.5
BMW,iX1 EV,SUV,depuis 2022,Très bon,96.4
Hyundai,Tucson 1600 E HEV,SUV,depuis 2021,Très bon,96.4
Jeep,Avenger 1200 E,SUV,depuis 2023,Très bon,96.4
Kia,Niro 1600 E HEV,SUV,depuis 2022,Très bon,96.4
Volkswagen,Taigo 1000 E,SUV,depuis 2022,Très bon,96.4
Dacia,Duster 1000 E/GPL,SUV,depuis 2024,Très bon,96.3
Hyundai,Kona 1600 E HEV,SUV,depuis 2023,Très bon,96.3
Lexus,NX 2500 E PHEV,SUV,depuis 2022,Très bon,96.3
Mazda,CX-30 2000 E HEV,SUV,depuis 2019,Très bon,96.3
Skoda,Kamiq 1500 E,SUV,depuis 2019,Très bon,96.3
Skoda,Karoq 1000 E,SUV,depuis 2017,Très bon,96.3
Renault,Kadjar 1300 E,SUV,2015 à 2022,Très bon,96.1
Renault,Mégane E Tech EV,SUV,depuis 2022,Très bon,96.1
Skoda,Kamiq 1000 E,SUV,depuis 2019,Très bon,96.1
Volkswagen,T-Cross 1000 E,SUV,depuis 2018,Très bon,96.1
Volvo,V40 1600 D,Compacte,2012 à 2019,Bon,93.4
Dacia,Duster 1300 E,SUV,2017 à 2024,Très bon,95.9
Mitsubishi,Eclipse Cross 1500 E,SUV,depuis 2017,Très bon,95.9
Nissan,Juke 1600 E HEV,SUV,depuis 2019,Très bon,95.9
Seat,Arona 1000 E,SUV,depuis 2017,Très bon,95.9
Toyota,Corolla Cross 2000 E HEV,SUV,depuis 2022,Très bon,95.9
Volkswagen,T-Roc 1500 E,SUV,depuis 2017,Très bon,95.9
Volvo,XC 60 2000 D,SUV,depuis 2017,Bon,93.2
Citroën,C5 Aircross 1600 E,SUV,depuis 2018,Très bon,95.7
Kia,Stonic 1200 E,SUV,depuis 2017,Très bon,95.7
Seat,Arona 1500 E,SUV,depuis 2017,Très bon,95.7
Audi,Q3 1500 E,SUV,depuis 2018,Très bon,95.6
BMW,X1 1500 E PHEV,SUV,depuis 2022,Très bon,95.6
BMW,X1 2000 E,SUV,2015 à 2022,Très bon,95.6
Kia,Stonic 1000 E,SUV,depuis 2017,Très bon,95.6
Mazda,CX-3 2000 E,SUV,2015 à 2020,Très bon,95.6
Nissan,Qashqai 1300 E,SUV,2014 à 2020,Très bon,95.6
Volkswagen,T-Roc 1600 D,SUV,depuis 2017,Très bon,95.6
Volvo,V70 2000 D,Routière,2007 à 2016,Bon,92.8
BMW,X1 1500 D,SUV,2015 à 2022,Très bon,95.4
Hyundai,Tucson 1600 E HEV,SUV,depuis 2021,Très bon,95.4
Kia,EV3 EV,SUV,depuis 2023,Très bon,95.4
Suzuki,S-Cross/SX4 S-Cross 1600 E,SUV,2013 à 2021,Très bon,95.4
Ford,Puma 1000 E HEV,SUV,depuis 2019,Très bon,95.3
Kia,Sportage 1600 E HEV,SUV,depuis 2022,Très bon,95.3
Seat,Ateca 1500 E,SUV,depuis 2016,Très bon,95.3
Skoda,Yeti 1200 E,SUV,2009 à 2018,Très bon,95.3
Toyota,Corolla Cross 1800 E HEV,SUV,depuis 2022,Très bon,95.3
Volvo,XC 40 2000 E,SUV,depuis 2017,Bon,92.7
Kia,Sportage 1600 E PHEV,SUV,depuis 2022,Très bon,95.2
Nissan,Juke 1600 E,SUV,2010 à 2019,Très bon,95.2
Renault,Kadjar 1600 D,SUV,2015 à 2022,Très bon,95.2
Suzuki,Ignis 1200 E,SUV,depuis 2017,Très bon,95.2
Suzuki,S-Cross 1400 E HEV,SUV,depuis 2022,Très bon,95.2
BMW,X1 1500 E,SUV,2015 à 2022,Très bon,95.1
Mazda,CX-5 2500 E,SUV,depuis 2017,Très bon,95.1
MG,ZS 1500 E,SUV,depuis 2021,Très bon,95.0
Volkswagen,Tiguan 1500 E,SUV,2016 à 2024,Très bon,95.0
Citroën,C5 Aircross 1200 E,SUV,depuis 2018,Bon,94.9
Skoda,Kodiaq 1500 E,SUV,2016 à 2024,Bon,94.9
Toyota,RAV4 2000 D,SUV,2013 à 2018,Bon,94.9
Kia,Niro EV,SUV,2016 à 2021,Bon,94.8
Mazda,CX-5 2000 E HEV,SUV,depuis 2017,Bon,94.8
Nissan,Qashqai 2000 E,SUV,2014 à 2020,Bon,94.8
Opel,Grandland 1500 D,SUV,2017 à 2024,Bon,94.8
Suzuki,Vitara 1400 E,SUV,depuis 2015,Bon,94.8
Audi,Q4-tron EV,SUV,depuis 2021,Bon,94.7
Dacia,Spring EV,SUV,depuis 2021,Bon,94.7
Hyundai,Kona 1000 E,SUV,2017 à 2023,Bon,94.7
Hyundai,Tucson 1600 E,SUV,2015 à 2020,Bon,94.7
Mazda,CX-5 2000 E,SUV,2012 à 2017,Bon,94.7
Mercedes-Benz,GLB 2000 D,SUV,depuis 2019,Bon,94.7
Skoda,Karoq 1500 E,SUV,depuis 2017,Bon,94.7
Jeep,Renegade 2000 D,SUV,depuis 2014,Bon,94.6
Kia,Sportage 1600 E,SUV,2016 à 2021,Bon,94.6
Subaru,Outback 2500 E,SUV,2015 à 2020,Bon,94.6
BMW,X3 2000 D,SUV,depuis 2017,Bon,94.5
Mercedes-Benz,GLA 2000 D,SUV,depuis 2020,Bon,94.5
Volkswagen,T-Cross 1500 E,SUV,depuis 2018,Bon,94.5
BMW,X1 2000 D,SUV,2015 à 2022,Bon,94.4
Ford,Ecosport 1000 E,SUV,2013 à 2023,Bon,94.4
Seat,Ateca 1400 E,SUV,depuis 2016,Bon,94.4
Peugeot,2008 1200 E,SUV,depuis 2019,Bon,94.3
Volvo,V60/V60 Cross Country 2000 D,Routière,depuis 2018,Bon,91.8
Audi,Q5 2000 D,SUV,2008 à 2016,Bon,94.2
Hyundai,Kona EV,SUV,depuis 2023,Bon,94.2
Jeep,Renegade 1300 E,SUV,depuis 2014,Bon,94.2
Mitsubishi,Outlander 2400 E PHEV,SUV,2013 à 2022,Bon,94.2
Volvo,V40 2000 D,Compacte,2012 à 2019,Bon,91.6
Fiat,500X 1000 E,SUV,depuis 2014,Bon,94.1
Honda,CR-V 1600 D,SUV,2012 à 2018,Bon,94.1
Kia,Niro 1600 E PHEV,SUV,2016 à 2021,Bon,94.1
Mercedes-Benz,GLC 2000 D,SUV,2015 à 2022,Bon,94.1
Audi,Q3 2000 D,SUV,2011 à 2018,Bon,94.0
Renault,Captur 1600 E PHEV,SUV,depuis 2019,Bon,94.0
Dacia,Duster 1500 D,SUV,2017 à 2024,Bon,93.9
Dacia,Duster 1600 E/GPL,SUV,2017 à 2024,Bon,93.9
Mercedes-Benz,GLA 2100 D,SUV,2013 à 2020,Bon,93.9
Nissan,X-Trail 1600 D,SUV,2014 à 2022,Bon,93.9
Peugeot,2008 1500 D,SUV,depuis 2019,Bon,93.9
Renault,Captur 1600 E HEV,SUV,depuis 2019,Bon,93.9
Volkswagen,Tiguan 2000 E,SUV,2016 à 2024,Bon,93.9
Honda,HR-V 1600 D,SUV,depuis 2015,Bon,93.8
Nissan,X-Trail 1600 E,SUV,2014 à 2022,Bon,93.8
Mercedes-Benz,EQA EV,SUV,depuis 2021,Bon,93.7
Peugeot,3008 1600 E,SUV,2016 à 2024,Bon,93.7
Renault,Captur 1000 E,SUV,depuis 2019,Bon,93.6
Renault,Captur 1300 E HEV,SUV,depuis 2019,Bon,93.6
Citroën,C5 Aircross 1600 E PHEV,SUV,depuis 2018,Bon,93.5
Fiat,500X 1600 E,SUV,depuis 2014,Bon,93.5
Ford,Kuga 1500 E,SUV,depuis 2019,Bon,93.5
Hyundai,Tucson 1700 D,SUV,2015 à 2020,Bon,93.5
Nissan,Juke 1000 E,SUV,depuis 2019,Bon,93.5
Opel,Crossland 1200 E,SUV,2017 à 2024,Bon,93.5
Audi,Q5 2000 D,SUV,2016 à 2024,Bon,93.4
Dacia,Duster 1000 E/GPL,SUV,2017 à 2024,Bon,93.4
Nissan,Qashqai 1600 D,SUV,2014 à 2020,Bon,93.4
Renault,Kadjar 1500 D,SUV,2015 à 2022,Bon,93.4
Seat,Arona 1000 E/CNG,SUV,depuis 2017,Bon,93.4
Citroën,C3 Aircross 1200 E,SUV,2017 à 2024,Bon,93.3
Ford,Kuga 2500 E HEV,SUV,depuis 2019,Bon,93.3
Hyundai,Kona EV,SUV,2017 à 2023,Bon,93.3
Jeep,Compass 1600 D,SUV,depuis 2017,Bon,93.3
Nissan,Qashqai 1200 E,SUV,2014 à 2020,Bon,93.3
Nissan,Qashqai 1300 E HEV,SUV,depuis 2021,Bon,93.2
Nissan,Qashqai 1600 E,SUV,2014 à 2020,Bon,93.2
Skoda,Karoq 2000 D,SUV,depuis 2017,Bon,93.2
Volvo,EX40 EV,SUV,depuis 2024,Bon,91.4
Mercedes-Benz,GLA 1300 E PHEV,SUV,depuis 2020,Bon,93.1
Renault,Arkana 1300 E HEV,SUV,depuis 2022,Bon,93.1
Suzuki,Vitara 1600 D,SUV,depuis 2015,Bon,93.1
Volkswagen,Tiguan 1600 D,SUV,2016 à 2024,Bon,93.1
Fiat,500X 1300 D,SUV,depuis 2014,Bon,93.0
Kia,Sportage 1600 D,SUV,2016 à 2021,Bon,93.0
Nissan,Qashqai 1500 D,SUV,2014 à 2020,Bon,93.0
Ford,Ecosport 1500 D,SUV,2013 à 2023,Bon,92.9
Kia,Sportage 1600 E HEV,SUV,depuis 2022,Bon,92.9
Renault,Captur 1500 D,SUV,depuis 2019,Bon,92.9
Mazda,CX-5 2200 D,SUV,depuis 2017,Bon,92.8
Peugeot,2008 EV,SUV,depuis 2019,Bon,92.8
Renault,Austral 1200 E HEV,SUV,depuis 2022,Bon,92.8
MG,ZS EV,SUV,depuis 2021,Bon,92.7
Volvo,EC40 EV,SUV,depuis 2021,Bon,91.0
Opel,Mokka EV,SUV,depuis 2020,Bon,92.6
Renault,Kadjar 1200 E,SUV,2015 à 2022,Bon,92.6
Dacia,Duster 1600 E,SUV,2010 à 2017,Bon,92.5
Renault,Captur 1300 E,SUV,2013 à 2019,Bon,92.5
Dacia,Duster 1600 E/GPL,SUV,2010 à 2017,Bon,92.4
Jeep,Compass 1300 E PHEV,SUV,depuis 2017,Bon,92.4
Volkswagen,Tiguan 2000 D,SUV,2016 à 2024,Bon,92.3
BMW,X3 2000 D,SUV,2010 à 2017,Bon,92.2
Volkswagen,Tiguan 1400 E,SUV,2007 à 2016,Bon,92.2
Citroën,C3 Aircross 1500 D,SUV,2017 à 2024,Bon,92.1
Peugeot,3008 1600 E PHEV,SUV,2016 à 2024,Bon,92.1
Hyundai,Tucson 1600 D,SUV,2015 à 2020,Bon,92.0
Mazda,CX-3 1500 D,SUV,2015 à 2020,Bon,92.0
Renault,Captur 1200 E,SUV,2013 à 2019,Bon,92.0
Nissan,Juke 1500 D,SUV,2010 à 2019,Bon,91.9
Nissan,Qashqai 1500 E HEV,SUV,depuis 2021,Bon,91.9
Skoda,Yeti 1400 E,SUV,2009 à 2018,Bon,91.9
Renault,Arkana 1600 E HEV,SUV,depuis 2022,Bon,91.8
Skoda,Kodiaq 2000 D,SUV,2016 à 2024,Bon,91.8
Hyundai,Tucson 1600 E PHEV,SUV,depuis 2021,Bon,91.7
Lynk & Co,1 1500 E PHEV,SUV,depuis 2021,Bon,91.7
Ford,Kuga 2000 D,SUV,2012 à 2019,Bon,91.6
Jeep,Renegade 1000 E,SUV,depuis 2014,Bon,91.6
Kia,Soul EV,SUV,2019 à 2024,Bon,91.6
Audi,Q3 2000 D,SUV,depuis 2018,Bon,91.5
Seat,Ateca 1600 D,SUV,depuis 2016,Bon,91.4
Skoda,Karoq 1600 D,SUV,depuis 2017,Bon,91.4
Volvo,XC 60 2000 E PHEV,SUV,depuis 2017,Bon,90.2
Peugeot,3008 1600 D,SUV,2016 à 2024,Bon,91.3
Citroën,C4 Cactus 1200 E,SUV,2014 à 2020,Bon,91.2
Opel,Mokka 1600 D,SUV,2012 à 2019,Bon,91.1
Peugeot,3008 2000 D,SUV,2016 à 2024,Bon,91.1
Ford,Kuga 1500 D,SUV,depuis 2019,Bon,91.0
Peugeot,2008 1200 E,SUV,2013 à 2019,Bon,91.0
Volvo,XC 90 2000 E PHEV,SUV,depuis 2015,Moyen,89.9
Alfa Romeo,Stelvio 2100 D,SUV,depuis 2017,Bon,90.9
Citroën,C4 Cactus 1500 D,SUV,2014 à 2020,Bon,90.9
Peugeot,3008 1500 D,SUV,2016 à 2024,Bon,90.9
Renault,Captur 1000 E/GPL,SUV,depuis 2019,Bon,90.9
Citroën,C3 Picasso 1200 E,SUV,2008 à 2017,Bon,90.8
Citroën,C5 Aircross 1500 D,SUV,depuis 2018,Bon,90.8
Peugeot,2008 1600 E,SUV,2013 à 2019,Bon,90.8
Jeep,Renegade 1600 D,SUV,depuis 2014,Bon,90.7
Volkswagen,ID.4 EV,SUV,depuis 2021,Bon,90.6
Peugeot,3008 1200 E,SUV,2016 à 2024,Bon,90.5
Renault,Captur 1500 D,SUV,2013 à 2019,Bon,90.3
Volvo,V60/V60 Cross Country 2000 D,Routière,2010 à 2018,Moyen,89.2
DS Automobiles,7 1600 E PHEV,SUV,depuis 2018,Bon,90.0
Ford,Kuga 1500 E,SUV,2012 à 2019,Bon,90.0
Hyundai,Ioniq 5 EV,SUV,depuis 2021,Bon,90.0
Jeep,Compass 2000 D,SUV,depuis 2017,Bon,90.0
Opel,Mokka 1400 E,SUV,2012 à 2019,Bon,90.0
Kia,Sportage 1700 D,SUV,2010 à 2016,Moyen,89.9
Volvo,V60/V60 Cross Country 2000 E PHEV,Routière,depuis 2018,Moyen,89.2
Skoda,Kodiaq 2000 E,SUV,2016 à 2024,Moyen,89.7
Opel,Crossland 1500 D,SUV,2017 à 2024,Moyen,89.3
Peugeot,5008 1500 D,SUV,2017 à 2024,Moyen,89.3
Volkswagen,Tiguan 2000 D,SUV,2007 à 2016,Moyen,89.3
Kia,EV6 EV,SUV,depuis 2022,Moyen,89.2
Volkswagen,T-Roc 2000 D,SUV,depuis 2017,Moyen,89.2
Peugeot,2008 1600 D,SUV,2013 à 2019,Moyen,89.0
Opel,Grandland 1200 E,SUV,2017 à 2024,Moyen,88.9
Fiat,500X 1600 D,SUV,depuis 2014,Moyen,88.8
Seat,Ateca 2000 D,SUV,depuis 2016,Moyen,88.8
Volvo,XC 60 2000 D,SUV,2008 à 2017,Moyen,88.8
Peugeot,5008 1600 E,SUV,2017 à 2024,Moyen,88.7
Citroën,C4 Cactus 1600 D,SUV,2014 à 2020,Moyen,88.6
Dacia,Duster 1500 D,SUV,2010 à 2017,Moyen,88.6
Ford,Kuga 2500 E PHEV,SUV,depuis 2019,Moyen,88.5
Mazda,CX-5 2200 D,SUV,2012 à 2017,Moyen,88.4
Opel,Mokka 1600 E,SUV,2012 à 2019,Moyen,88.3
Peugeot,5008 2000 D,SUV,2017 à 2024,Moyen,88.3
Jeep,Compass 1400 E,SUV,depuis 2017,Moyen,88.2
Peugeot,5008 1200 E,SUV,2017 à 2024,Moyen,87.9
Land Rover,Discovery Sport 2000 D,SUV,depuis 2014,Moyen,87.6
Skoda,Enyaq EV,SUV,depuis 2020,Moyen,87.4
Opel,Mokka 1400 E/GPL,SUV,2012 à 2019,Moyen,87.2
Land Rover,Range Rover Evoque 2000 D,SUV,2011 à 2018,Moyen,86.9
Peugeot,3008 1600 D,SUV,2009 à 2016,Moyen,86.7
Volvo,EX30 EV,SUV,depuis 2023,Moyen,86.5
Skoda,Yeti 2000 D,SUV,2009 à 2018,Moyen,86.2
Citroën,C3 Picasso 1600 D,SUV,2008 à 2017,Moyen,85.7
Volkswagen,ID.5 EV,SUV,depuis 2022,Médiocre,84.8
Peugeot,5008 1600 D,SUV,2009 à 2016,Médiocre,84.3
Peugeot,2008 1400 D,SUV,2013 à 2019,Médiocre,84.0
Peugeot,2008 1500 D,SUV,2013 à 2019,Médiocre,82.5